{
    "openapi": "3.0.0",
    "info": {
        "title": "Laravel API Documentation",
        "description": "Laravel API documentation with Swagger",
        "contact": {
            "email": "your-email@example.com"
        },
        "license": {
            "name": "Apache 2.0",
            "url": "http://www.apache.org/licenses/LICENSE-2.0.html"
        },
        "version": "1.0.0"
    },
    "servers": [
        {
            "url": "http://localhost:8000/api",
            "description": "API Server"
        }
    ],
    "paths": {
        "/register": {
            "post": {
                "tags": [
                    "Authentication"
                ],
                "summary": "Register a new user",
                "operationId": "0903f2e0df1a8857bee538fc055417f0",
                "requestBody": {
                    "required": true,
                    "content": {
                        "application/json": {
                            "schema": {
                                "required": [
                                    "name",
                                    "email",
                                    "password"
                                ],
                                "properties": {
                                    "name": {
                                        "type": "string",
                                        "example": "John Doe"
                                    },
                                    "email": {
                                        "type": "string",
                                        "format": "email",
                                        "example": "john@example.com"
                                    },
                                    "password": {
                                        "type": "string",
                                        "format": "password",
                                        "example": "password123"
                                    }
                                },
                                "type": "object"
                            }
                        }
                    }
                },
                "responses": {
                    "200": {
                        "description": "User registered successfully",
                        "content": {
                            "application/json": {
                                "schema": {
                                    "properties": {
                                        "status": {
                                            "type": "string",
                                            "example": "success"
                                        },
                                        "message": {
                                            "type": "string",
                                            "example": "User created successfully"
                                        },
                                        "user": {
                                            "type": "object"
                                        },
                                        "authorisation": {
                                            "type": "object"
                                        }
                                    },
                                    "type": "object"
                                }
                            }
                        }
                    }
                }
            }
        },
        "/login": {
            "post": {
                "tags": [
                    "Authentication"
                ],
                "summary": "Login user and create token",
                "operationId": "2dd578ff7aba2721293dac66833b27d1",
                "requestBody": {
                    "required": true,
                    "content": {
                        "application/json": {
                            "schema": {
                                "required": [
                                    "email",
                                    "password"
                                ],
                                "properties": {
                                    "email": {
                                        "type": "string",
                                        "format": "email",
                                        "example": "john@example.com"
                                    },
                                    "password": {
                                        "type": "string",
                                        "format": "password",
                                        "example": "password123"
                                    }
                                },
                                "type": "object"
                            }
                        }
                    }
                },
                "responses": {
                    "200": {
                        "description": "Login successful",
                        "content": {
                            "application/json": {
                                "schema": {
                                    "properties": {
                                        "status": {
                                            "type": "string",
                                            "example": "success"
                                        },
                                        "user": {
                                            "type": "object"
                                        },
                                        "authorisation": {
                                            "type": "object"
                                        }
                                    },
                                    "type": "object"
                                }
                            }
                        }
                    }
                }
            }
        },
        "/logout": {
            "post": {
                "tags": [
                    "Authentication"
                ],
                "summary": "Logout user (Invalidate the token)",
                "operationId": "68a6108af04af5e3bc1ea68a6c6f1299",
                "responses": {
                    "200": {
                        "description": "Logged out successfully",
                        "content": {
                            "application/json": {
                                "schema": {
                                    "properties": {
                                        "status": {
                                            "type": "string",
                                            "example": "success"
                                        },
                                        "message": {
                                            "type": "string",
                                            "example": "Successfully logged out"
                                        }
                                    },
                                    "type": "object"
                                }
                            }
                        }
                    }
                },
                "security": [
                    {
                        "bearerAuth": []
                    }
                ]
            }
        },
        "/refresh": {
            "post": {
                "tags": [
                    "Authentication"
                ],
                "summary": "Refresh token",
                "operationId": "0c3ea3c61aed881016646810460499e9",
                "responses": {
                    "200": {
                        "description": "Token refreshed successfully",
                        "content": {
                            "application/json": {
                                "schema": {
                                    "properties": {
                                        "status": {
                                            "type": "string",
                                            "example": "success"
                                        },
                                        "user": {
                                            "type": "object"
                                        },
                                        "authorisation": {
                                            "type": "object"
                                        }
                                    },
                                    "type": "object"
                                }
                            }
                        }
                    }
                },
                "security": [
                    {
                        "bearerAuth": []
                    }
                ]
            }
        }
    },
    "tags": [
        {
            "name": "Authentication",
            "description": "API Endpoints for user authentication"
        }
    ]
}